{"cameraMode":{"drawMode":0,"name":"Shaded","section":"Shading Mode"},"sceneLighting":true,"audioPlay":false,"sceneViewState":{"showFog":false,"showMaterialUpdate":false,"showSkybox":false,"showFlares":false,"showImageEffects":false,"showParticleSystems":true},"in2DMode":false,"pivot":{"x":374.332763671875,"y":305.7823181152344,"z":20.266708374023439},"rotation":{"x":-0.163997620344162,"y":-0.15409070253372193,"z":0.0259449053555727,"w":-0.9740059971809387},"size":700.7709350585938,"orthographic":true}